{
    "n_models": 7,
    "num_feature_maps": 67,
    "std_dev": 0.2608300114047287,
    "lambda_reg": 0.009682287345007437,
    "kernel_size": 5,
    "pooling": true,
    "feature_size": 13132,
    "accuracy": 59.37,
    "f1": 58.94535779953003,
    "training_time": 617.0342917442322,
    "acc_progression": [
        16.73,
        25.03,
        41.16,
        47.49,
        52.57,
        55.45,
        59.37
    ],
    "f1_progression": [
        14.497284591197968,
        23.922482132911682,
        40.30827581882477,
        46.345511078834534,
        51.5708327293396,
        54.47933077812195,
        58.94535779953003
    ]
}