{
    "base_model": {
        "epochs": [
            1,
            2,
            3,
            4,
            5,
            6,
            7,
            8,
            9,
            10,
            11,
            12,
            13,
            14,
            15,
            16,
            17,
            18,
            19,
            20,
            21,
            22,
            23,
            24,
            25,
            26,
            27,
            28,
            29,
            30,
            31,
            32,
            33,
            34,
            35,
            36,
            37,
            38,
            39,
            40,
            41,
            42,
            43,
            44,
            45,
            46,
            47,
            48,
            49,
            50
        ],
        "test_acc": [
            41.73,
            45.73,
            47.28,
            47.86,
            48.91,
            50.01,
            51.26,
            50.8,
            52.08,
            51.94,
            52.01,
            53.17,
            53.04,
            53.38,
            53.48,
            53.13,
            53.45,
            53.77,
            54.42,
            53.99,
            54.04,
            54.47,
            54.3,
            54.55,
            54.7,
            54.91,
            54.61,
            54.87,
            54.41,
            55.46,
            55.15,
            55.67,
            55.21,
            55.31,
            55.67,
            55.01,
            56.14,
            54.91,
            55.7,
            55.58,
            55.89,
            55.98,
            56.31,
            55.89,
            56.07,
            55.46,
            55.84,
            56.05,
            56.34,
            56.02
        ],
        "test_f1": [
            39.835748076438904,
            45.17982602119446,
            46.6545969247818,
            45.93798518180847,
            47.56385684013367,
            48.936858773231506,
            50.76088905334473,
            50.43259263038635,
            51.76490545272827,
            52.00943946838379,
            52.043408155441284,
            52.92867422103882,
            52.898550033569336,
            52.662813663482666,
            53.157174587249756,
            52.84055471420288,
            53.55187654495239,
            53.617602586746216,
            54.519522190093994,
            53.543275594711304,
            53.594207763671875,
            53.81631851196289,
            53.84563207626343,
            54.33424115180969,
            54.03648614883423,
            54.450082778930664,
            53.837162256240845,
            54.97182011604309,
            53.26851010322571,
            55.247920751571655,
            54.47033643722534,
            55.630433559417725,
            54.83812093734741,
            54.147183895111084,
            55.031514167785645,
            54.981958866119385,
            56.118011474609375,
            54.844117164611816,
            55.35355806350708,
            55.475884675979614,
            55.84284067153931,
            55.37000298500061,
            55.82268834114075,
            56.02757930755615,
            55.89265823364258,
            55.11326789855957,
            55.82805275917053,
            55.763959884643555,
            55.915480852127075,
            56.16651773452759
        ],
        "final_accuracy": 56.02,
        "final_f1": 56.16651773452759
    },
    "mixup_model": {
        "epochs": [
            1,
            2,
            3,
            4,
            5,
            6,
            7,
            8,
            9,
            10,
            11,
            12,
            13,
            14,
            15,
            16,
            17,
            18,
            19,
            20,
            21,
            22,
            23,
            24,
            25,
            26,
            27,
            28,
            29,
            30,
            31,
            32,
            33,
            34,
            35,
            36,
            37,
            38,
            39,
            40,
            41,
            42,
            43,
            44,
            45,
            46,
            47,
            48,
            49,
            50
        ],
        "test_acc": [
            42.56,
            44.53,
            46.9,
            47.83,
            48.01,
            48.74,
            49.4,
            49.8,
            49.96,
            50.91,
            51.17,
            51.04,
            52.0,
            51.66,
            52.4,
            52.8,
            52.1,
            53.07,
            53.08,
            52.65,
            53.32,
            53.41,
            53.31,
            53.92,
            53.37,
            54.36,
            54.01,
            54.2,
            53.65,
            54.4,
            53.89,
            54.73,
            54.65,
            54.52,
            54.54,
            55.0,
            54.9,
            54.59,
            54.71,
            55.3,
            55.16,
            55.73,
            55.42,
            55.56,
            55.16,
            53.7,
            55.34,
            55.34,
            55.53,
            55.62
        ],
        "test_f1": [
            42.00243055820465,
            43.45291256904602,
            45.74063420295715,
            47.254952788352966,
            47.06992208957672,
            48.04176390171051,
            48.199838399887085,
            48.47630560398102,
            49.12799298763275,
            50.234949588775635,
            50.19165277481079,
            50.068455934524536,
            51.21949315071106,
            50.6270706653595,
            51.94305777549744,
            52.159613370895386,
            51.08165740966797,
            52.45238542556763,
            52.71879434585571,
            51.98286175727844,
            52.5740921497345,
            52.48779654502869,
            52.7179479598999,
            53.44460606575012,
            52.42422819137573,
            53.77734899520874,
            53.240859508514404,
            53.177833557128906,
            52.519816160202026,
            53.85887622833252,
            53.612685203552246,
            53.89004349708557,
            54.070305824279785,
            53.40030789375305,
            53.70483994483948,
            54.06322479248047,
            53.81852388381958,
            53.769516944885254,
            53.712451457977295,
            54.7606885433197,
            54.102981090545654,
            55.24930953979492,
            55.00723123550415,
            55.12741208076477,
            54.600369930267334,
            52.694034576416016,
            54.37440276145935,
            54.28641438484192,
            54.927510023117065,
            55.06541728973389
        ],
        "final_accuracy": 55.62,
        "final_f1": 55.06541728973389
    },
    "ensemble_model": {
        "epochs": [
            50,
            100,
            150,
            200,
            250
        ],
        "test_acc": [
            56.39999999999999,
            56.56,
            56.769999999999996,
            56.910000000000004,
            57.230000000000004
        ],
        "test_f1": [
            56.21823072433472,
            56.578242778778076,
            56.6510796546936,
            56.76989555358887,
            57.01162815093994
        ],
        "final_accuracy": 57.230000000000004,
        "final_f1": 57.01162815093994
    },
    "ensemble_mixup_model": {
        "epochs": [
            50,
            100,
            150,
            200,
            250
        ],
        "test_acc": [
            55.75,
            55.38999999999999,
            55.96,
            55.98,
            56.36
        ],